{
  "models": {
    "Random Forest": {
      "accuracy": 0.9959090909090909,
      "auc_roc": 0.9998966942148761
    },
    "Gradient Boosting": {
      "accuracy": 0.9963636363636363,
      "auc_roc": 0.9969417355371901
    },
    "Logistic Regression": {
      "accuracy": 0.9963636363636363,
      "auc_roc": 0.9999223140495868
    }
  },
  "classification_report": {
    "0": {
      "precision": 0.9954627949183303,
      "recall": 0.9972727272727273,
      "f1-score": 0.9963669391462306,
      "support": 1100.0
    },
    "1": {
      "precision": 0.9972677595628415,
      "recall": 0.9954545454545455,
      "f1-score": 0.9963603275705186,
      "support": 1100.0
    },
    "accuracy": 0.9963636363636363,
    "macro avg": {
      "precision": 0.996365277240586,
      "recall": 0.9963636363636363,
      "f1-score": 0.9963636333583746,
      "support": 2200.0
    },
    "weighted avg": {
      "precision": 0.996365277240586,
      "recall": 0.9963636363636363,
      "f1-score": 0.9963636333583746,
      "support": 2200.0
    }
  },
  "confusion_matrix": [
    [
      1097,
      3
    ],
    [
      5,
      1095
    ]
  ]
}